Name,Acceleration,Finishing,Free kick accuracy,Heading accuracy,Penalties,Volleys
Cristiano Ronaldo,89,94,76,88,85,88
L. Messi,92,95,90,71,74,85
Neymar,94,89,84,62,81,83
L. Suárez,88,94,84,77,85,88
M. Neuer,58,13,11,25,47,11
R. Lewandowski,79,91,84,85,81,87
De Gea,57,13,19,21,40,13
E. Hazard,93,83,79,57,86,79
T. Kroos,60,76,84,54,73,82
G. Higuaín,78,91,62,86,70,88
K. De Bruyne,76,83,83,53,77,82
T. Courtois,46,14,11,13,27,12
A. Sánchez,88,85,78,70,77,83
L. Modrić,75,71,77,55,80,74
G. Bale,93,87,85,86,76,76
S. Agüero,90,90,72,68,83,85
G. Chiellini,68,33,31,84,50,45
G. Buffon,49,15,13,13,22,17
P. Dybala,88,85,84,68,86,88
J. Oblak,43,11,14,15,11,13
A. Griezmann,87,88,75,80,71,87
Thiago,77,69,77,58,75,90
P. Aubameyang,95,88,74,79,79,86
L. Bonucci,62,39,61,88,70,58
J. Boateng,72,34,31,85,46,53
D. Godín,62,42,51,92,50,47
M. Hummels,62,55,53,89,68,60
M. Özil,75,74,79,54,67,77
H. Lloris,65,10,10,10,40,11
Thiago Silva,70,38,67,82,71,63
Z. Ibrahimović,63,87,82,80,91,90
A. Robben,87,85,81,51,80,86
N. Kanté,82,65,49,54,54,56
M. Verratti,69,58,64,55,64,64
C. Eriksen,77,76,87,52,67,74
A. Vidal,76,77,68,81,81,78
E. Cavani,75,83,74,88,84,84
Marcelo,77,67,67,71,59,54
M. Hamšík,72,78,72,74,70,79
I. Rakitić,67,83,84,58,78,80
David Silva,72,71,75,54,73,79
S. Handanovič,54,10,14,10,23,12
Piqué,55,64,43,83,69,57
Iniesta,72,70,70,54,71,74
H. Kane,68,90,66,83,84,73
J. Rodríguez,77,82,86,62,81,91
Isco,74,88,74,55,76,64
R. Lukaku,76,89,66,87,82,76
Alex Sandro,84,55,59,76,60,68
T. Müller,76,87,59,82,60,83
Sergio Busquets,48,60,68,68,60,44
Coutinho,88,74,82,47,64,75
M. Reus,86,86,84,49,87,88
T. Alderweireld,62,45,69,82,60,38
David Luiz,68,55,76,83,75,64
Diego Costa,74,88,59,83,76,81
R. Nainggolan,80,76,68,59,63,75
Javi Martínez,49,53,45,90,52,61
D. Mertens,93,85,77,35,78,70
Sokratis,71,44,35,87,33,46
Miranda,67,43,39,83,49,51
K. Benzema,77,87,73,78,82,79
Cesc Fàbregas,65,76,81,74,80,81
F. Ribéry,85,76,81,41,78,80
Pepe,65,46,47,80,57,23
P. Čech,40,12,19,19,23,17
Y. Carrasco,87,79,78,53,74,68
R. Varane,77,40,54,83,43,42
Casemiro,63,59,74,74,66,53
L. Insigne,94,73,77,56,61,74
A. Lacazette,84,87,71,72,84,82
K. Navas,54,15,15,11,25,11
H. Mkhitaryan,88,77,64,53,72,81
D. Subašić,51,10,66,13,23,13
B. Leno,46,9,8,13,23,10
M. ter Stegen,38,14,12,11,25,14
K. Glik,53,27,26,85,39,17
Jordi Alba,93,73,64,63,59,60
I. Gündoğan,73,72,74,49,76,75
Azpilicueta,78,46,58,76,66,51
A. Di María,86,74,72,53,73,77
M. Pjanić,74,61,91,60,79,72
J. Vertonghen,68,56,73,81,68,52
B. Matuidi,79,65,52,73,56,72
S. Ruffier,45,11,12,12,25,13
Filipe Luís,75,59,75,68,65,56
V. Kompany,61,45,52,84,63,46
A. Barzagli,64,21,31,72,60,35
E. Bailly,75,33,43,81,46,42
Marco Asensio,79,82,76,50,62,75
Bernardo Silva,85,76,63,51,64,66
A. Laporte,68,45,77,85,35,40
D. Alli,77,84,53,75,68,76
S. Mané,94,83,64,53,71,68
Carvajal,76,41,47,65,45,34
J. Draxler,76,78,75,65,63,84
M. Icardi,75,89,45,84,78,81
Morata,78,82,44,79,72,81
K. Koulibaly,69,19,28,79,33,14
T. Horn,45,13,15,14,21,14
Koke,72,71,76,61,59,56
K. Manolas,78,10,10,80,26,16
S. Mustafi,64,58,47,81,54,51
Ander Herrera,76,71,65,60,79,69
Pedro,84,81,57,55,66,70
R. Bürki,44,8,12,17,20,13
Bruno,42,66,77,61,75,48
I. Perišić,81,79,76,78,76,80
E. Džeko,67,87,54,84,67,77
Willian,91,77,85,29,70,59
R. Fährmann,38,11,11,15,21,11
Sergio Asenjo,59,14,22,13,15,22
Juan Mata,71,79,84,59,81,71
M. Benatia,72,45,27,80,41,31
D. Payet,79,76,91,59,76,79
Falcao,73,87,71,90,84,84
L. Koscielny,74,32,49,81,51,35
G. Cahill,62,56,27,86,53,47
A. Gómez,94,78,71,36,71,72
Aduriz,69,85,54,94,75,84
K. Mbappé,89,87,58,76,70,74
O. Dembélé,93,77,65,43,75,76
N. Keïta,82,74,47,42,58,59
J. Giménez,68,37,44,79,38,30
G. Rulli,54,15,20,12,24,16
T. Lemar,86,78,81,54,68,75
João Mário,71,66,67,55,66,69
N. Süle,51,20,30,85,32,29
Ederson,64,14,20,14,17,18
Fabinho,73,66,45,75,91,30
M. Salah,93,79,60,59,61,71
A. Belotti,80,88,56,84,77,80
E. Forsberg,78,72,77,45,64,67
Marquinhos,69,33,32,80,31,31
William Carvalho,52,56,50,73,60,50
R. Mahrez,85,74,75,45,72,71
V. van Dijk,69,52,70,80,62,45
Roberto Firmino,77,83,67,72,72,79
Danilo Pereira,67,56,53,76,52,55
Vitolo,81,79,62,65,74,75
A. Lopes,60,18,14,16,16,13
S. de Vrij,68,25,16,78,41,27
M. Perin,57,11,13,12,21,19
J. Matip,60,36,22,85,42,50
I. Gueye,78,50,43,69,54,32
Iago Aspas,84,86,76,78,80,86
N. Otamendi,62,53,39,83,44,56
N. Matić,62,64,67,77,69,74
J. Pastore,69,73,69,63,75,78
S. Kagawa,76,76,63,42,78,75
G. Bonaventura,78,70,78,60,68,78
B. Dost,54,87,32,93,81,85
Oscar,75,75,77,54,68,63
S. N'Zonzi,52,64,42,79,57,55
M. Musacchio,72,48,45,81,57,36
O. Toprak,72,28,33,83,48,55
José Callejón,90,76,65,65,62,84
Adrien Silva,64,71,75,61,85,75
S. Giovinco,88,83,89,34,77,75
N. Gaitán,84,73,72,54,71,81
M. Mandžukić,68,84,49,90,76,86
A. Lallana,74,79,66,67,70,72
B. Höwedes,62,48,52,84,56,38
Rui Patrício,53,12,16,11,32,17
Y. Sommer,48,13,13,10,24,8
M. Schneiderlin,67,61,61,71,56,56
Jonas,66,87,77,79,84,85
K. Gameiro,88,86,70,67,85,78
L. Piszczek,73,65,47,74,65,67
E. Garay,39,58,74,85,69,49
K. Schmeichel,62,12,15,16,26,15
L. Perrin,67,64,51,80,68,44
Juanfran,76,54,59,59,66,49
Diego López,34,12,11,10,21,14
Santi Cazorla,68,75,78,58,80,72
J. Mascherano,67,42,50,68,60,51
W. Sneijder,70,72,86,32,76,80
Nani,84,75,79,46,72,75
José Reina,50,14,11,13,24,11
Quaresma,85,70,78,41,74,80
Y. Touré,61,82,86,72,89,68
Casillas,59,12,13,25,24,14
G. Donnarumma,46,12,14,12,24,8
L. Sané,93,78,62,72,63,64
T. Bakayoko,75,39,37,72,45,36
C. Tolisso,79,75,73,82,70,62
I. Slimani,66,80,47,91,74,79
N. Fekir,79,78,71,49,72,74
J. Seri,84,69,81,60,67,47
K. Baldé Diao,93,79,52,58,58,68
J. Tah,64,19,27,80,38,24
F. Bernardeschi,84,73,80,48,72,70
T. Werner,92,86,42,74,68,81
André Gomes,71,68,68,69,55,63
Q. Promes,86,82,76,60,72,68
Lucas Vázquez,83,77,75,52,56,54
Saúl,72,71,60,83,54,30
Felipe,65,39,30,82,47,40
C. Bacca,76,87,58,76,80,80
F. Vázquez,62,77,68,68,67,79
M. Kovačić,85,62,68,42,59,76
Sergio Rico,50,14,20,11,24,15
A. Rüdiger,73,27,56,78,40,34
F. Thauvin,88,74,54,69,57,67
S. Savić,60,34,28,81,37,27
Iñigo Martínez,70,42,51,78,39,37
Roque Mesa,76,67,48,32,42,34
A. Florenzi,86,76,79,70,76,87
D. Klaassen,73,82,44,74,75,82
K. Bellarabi,91,75,58,48,57,72
R. Sterling,94,73,49,38,63,59
Suso,84,70,80,50,72,72
Deulofeu,93,70,78,40,78,68
E. Dier,70,52,77,83,70,52
M. Rojo,70,50,57,82,64,49
Lucas,95,72,74,50,75,70
H. Son,87,83,70,65,71,73
F. Acerbi,65,37,56,77,72,39
G. Xhaka,48,49,70,62,59,50
Jonathan Viera,86,78,76,41,74,57
Pizzi,83,77,76,45,76,77
Willian José,65,84,71,84,80,80
O. Baumann,47,11,11,16,22,11
G. Medel,74,31,45,68,62,61
Víctor Ruíz,54,37,46,77,46,39
X. Shaqiri,87,72,78,37,65,76
C. Immobile,77,86,51,75,76,81
Douglas Costa,96,71,78,51,77,73
N. Clyne,82,54,39,67,46,45
Iborra,49,72,70,81,72,66
K. Trapp,45,13,12,11,17,12
V. Wanyama,60,63,57,73,65,60
Taison,93,76,73,56,72,82
Marlos,85,76,72,53,74,68
L. Stindl,74,84,69,64,80,86
M. Balotelli,77,84,78,66,92,74
A. Ramsey,67,72,70,58,75,79
W. Szczęsny,51,12,14,16,18,14
G. Sigurðsson,65,81,89,60,80,75
Y. Brahimi,86,74,78,46,75,73
M. Arnautović,76,73,74,71,77,79
M. Kruse,74,86,69,63,89,80
O. Karnezis,44,16,11,24,21,14
L. Fejsa,52,49,57,73,56,53
F. Muslera,60,10,10,12,24,10
V. Ćorluka,49,47,60,83,49,38
G. Wijnaldum,79,74,70,72,74,73
F. Fazio,31,41,37,89,33,35
O. Giroud,51,83,65,90,81,82
J. Hernández,84,87,52,82,76,79
Beñat,65,69,84,47,69,61
L. Bender,66,59,47,78,52,57
C. Bravo,58,13,38,18,23,11
A. Begović,52,12,15,12,40,12
Naldo,67,57,76,91,60,60
D. Sturridge,74,83,68,73,75,75
D. Rose,80,57,57,62,57,64
C. Vela,87,81,71,64,72,84
E. Viviano,30,17,16,13,21,13
G. Castro,73,69,74,52,58,65
S. Nasri,78,76,79,42,77,72
A. Williams,62,37,23,78,45,34
S. Mandanda,53,13,12,13,11,13
A. Consigli,48,10,15,10,21,19
João Moutinho,73,74,79,70,70,76
B. Costil,49,14,11,15,15,12
Raúl Albiol,57,27,45,77,37,31
J. Hart,59,14,13,10,48,19
M. Gómez,68,84,36,83,74,78
Raffael,77,81,73,63,72,75
Fernandinho,73,69,71,55,61,74
David Villa,72,86,80,67,88,79
R. Jarstein,40,13,14,16,13,16
Gabriel Jesus,89,83,54,66,78,67
Nélson Semedo,91,50,30,58,38,42
D. Sánchez,65,40,27,81,44,28
A. Kramarić,78,82,71,69,84,78
M. Brozović,72,69,74,62,69,65
Williams,92,78,53,67,64,64
Dani García,57,51,57,46,58,52
J. Kimmich,76,66,61,69,44,61
Bruma,94,70,69,52,71,60
D. Berardi,85,77,76,62,80,78
R. Guerreiro,83,72,82,61,44,76
J. Vardy,91,83,48,64,76,73
H. Ziyech,74,70,83,53,74,77
M. Keane,73,50,33,84,48,40
Héctor Bellerín,96,52,50,60,62,41
J. Butland,38,16,14,12,42,12
S. Zaza,79,82,56,81,80,84
T. Meunier,72,72,56,72,65,79
Felipe Anderson,94,71,69,44,53,68
Nacho Fernández,72,32,37,80,45,38
J. Cillessen,54,10,10,12,21,19
Sergi Roberto,76,64,61,62,57,46
W. Ben Yedder,84,84,77,74,74,76
Lucas Pérez,80,83,78,68,79,78
R. Barkley,77,69,70,65,65,61
C. Bakambu,86,81,54,71,72,78
W. Zaha,89,74,51,43,66,59
Bartra,78,43,45,82,52,43
S. Aurier,84,65,30,75,66,50
S. Coates,50,32,19,80,42,55
G. Krychowiak,62,42,62,83,78,40
A. Yarmolenko,81,78,75,69,69,74
Y. Belhanda,77,75,78,67,80,69
Mário Fernandes,79,58,39,73,53,52
R. Rodríguez,73,59,84,64,83,67
J. Corona,87,76,67,67,68,75
Mario Gaspar,78,68,54,64,50,77
Marcos Alonso,74,64,80,70,64,52
M. Götze,71,74,73,49,65,87
L. Hrádecký,38,11,15,11,20,9
Illarramendi,65,64,68,51,50,58
De Marcos,83,59,53,59,55,57
C. Smalling,69,50,22,83,52,54
Iturraspe,57,60,66,78,58,47
M. Lanzini,85,70,76,56,73,61
R. Boudebouz,77,78,82,45,87,73
Camacho,64,58,59,83,48,52
Paulinho,76,72,72,80,71,75
N. Kalinić,69,85,54,80,70,80
Giuliano,83,76,69,59,75,66
C. Benteke,70,79,67,87,77,73
M. Parolo,68,70,55,75,45,76
K. Mitroglou,53,82,71,85,61,80
M. Sakho,53,23,30,74,40,20
A. Rami,49,45,55,79,48,45
S. Jovetić,75,80,72,74,80,79
S. Coleman,74,62,35,67,60,64
S. Kjær,60,55,73,82,61,37
Adán,55,11,12,23,25,15
M. Valbuena,81,74,77,50,68,76
S. Mignolet,55,11,12,16,41,16
D. Astori,66,25,17,77,27,27
K. Mirallas,82,77,76,64,78,76
Raúl García,54,73,68,88,76,55
M. Škrtel,54,35,27,84,39,43
T. Heaton,56,12,13,16,24,12
H. Ben Arfa,79,75,75,53,87,74
Dante,44,47,60,83,57,44
A. Gignac,74,86,70,78,78,80
G. Rodríguez,65,44,46,84,74,22
D. Srna,69,69,83,60,84,72
C. Carrasso,38,13,12,11,13,13
Moyá,46,11,12,12,11,13
W. Rooney,67,80,81,75,83,83
P. Mertesacker,26,36,45,84,42,30
T. Motta,31,54,67,77,70,76
Fernando Torres,74,77,63,77,74,81
S. Eto'o,73,85,72,75,85,80
S. Milinković-Savić,68,69,66,86,38,68
Y. Tielemans,52,73,74,57,76,78
Jemerson,64,28,26,79,54,46
Alisson,44,13,18,19,23,20
J. Brandt,79,74,52,42,54,66
K. Demirbay,67,72,80,46,68,59
D. Rugani,54,33,25,80,36,35
Samu Castillejo,86,69,72,43,59,58
P. Zieliński,82,64,65,52,51,70
Ricardo Pereira,89,60,42,64,53,53
Fred,80,71,59,55,65,64
J. Hector,76,55,65,73,65,51
S. Kolašinac,73,42,25,73,44,31
Arrizabalaga,34,11,19,17,24,18
Leo Baptistao,77,79,59,78,65,77
M. Nastasić,66,27,28,79,47,32
Denis Suárez,80,75,72,44,63,68
M. Batshuayi,77,83,46,73,67,74
J. Brooks,69,39,28,86,45,32
Eric Botteghin,35,25,43,79,52,25
L. Karius,51,18,14,14,19,14
T. Hazard,85,79,79,38,73,80
V. Germain,78,82,75,79,77,79
L. Kurzawa,81,71,53,76,62,61
J. Iličić,68,78,84,58,78,80
K. Volland,78,80,76,67,72,76
Allan,78,62,49,59,53,56
P. Hernández,72,69,69,53,62,69
D. Tadić,70,65,76,63,75,73
L. Muriel,87,80,60,65,74,75
Pablo Sarabia,74,73,73,61,61,53
J. Guilavogui,66,49,53,78,50,49
O. Özyakup,76,68,77,50,78,72
Y. Rakitskyi,69,57,77,69,50,53
Sergi Enrich,63,83,47,80,63,79
Neto,53,15,13,14,22,12
Hugo Mallo,73,28,38,63,23,28
D. Didavi,75,79,75,58,65,73
R. Soriano,77,76,56,65,62,75
A. Schürrle,84,80,68,63,83,82
M. Gonalons,67,55,57,75,68,60
K. Vogt,66,50,62,78,53,51
F. Orellana,82,75,79,69,75,61
E. Salvio,88,76,64,67,60,71
D. Blind,63,46,62,71,56,62
S. El Shaarawy,86,75,63,51,72,77
M. Antonio,82,74,60,88,73,69
Iago Falqué,80,75,75,53,77,69
S. Rondón,73,77,52,88,62,73
Daniel Carriço,54,48,54,79,62,47
M. Schmelzer,75,37,72,73,46,47
J. McCarthy,72,55,64,63,60,61
Ganso,36,72,76,65,76,75
F. Smolov,89,82,64,70,74,79
D. Welbeck,83,75,62,75,70,76
Luiz Gustavo,65,46,45,73,58,54
Mikel San José,38,69,44,82,51,70
M. Darmian,78,55,35,68,45,59
R. Thomas,55,22,34,80,55,18
I. Traoré,92,66,74,44,56,75
Sidnei,42,46,39,74,58,43
J. Lens,87,75,68,63,67,85
Eder,86,81,78,60,78,76
Kiko Casilla,32,14,25,13,23,23
S. Bender,67,39,30,75,34,54
M. Díaz,65,52,82,63,66,66
A. Fernández,67,69,61,59,62,57
M. Berg,74,82,47,77,70,74
Pedro León,64,74,84,36,71,68
K. Boateng,73,75,71,74,67,83
Marcano,67,41,37,83,35,34
H. Moreno,66,43,28,84,63,55
S. Romero,47,14,13,12,16,17
A. Candreva,77,74,71,55,83,75
D. Wass,73,69,83,67,64,69
Coke,75,62,36,83,74,43
E. Lamela,78,73,79,71,75,77
Jardel,55,38,35,84,57,27
D. Basta,77,58,66,72,55,64
G. Cabral,43,22,48,81,47,28
G. Paletta,49,16,35,76,35,30
T. Walcott,92,77,74,58,74,72
L. Fabiański,50,13,12,11,22,17
B. Foster,50,18,17,14,41,14
V. Ibišević,53,85,56,83,81,84
K. El Ahmadi,66,54,50,60,69,65
S. Kalou,69,83,62,76,86,78
Manuel Fernandes,83,71,70,59,75,69
A. Granqvist,46,51,40,81,79,37
L. Podolski,79,82,75,65,83,89
Javi Fuego,61,54,62,60,60,53
F. Belluschi,70,69,82,58,75,75
A. Mirante,44,17,13,13,21,15
F. Marchetti,55,17,12,12,22,12
Kaká,63,74,70,52,84,84
M. Topal,67,58,54,76,68,54
J. Mathieu,67,51,71,80,60,61
C. Kameni,44,11,12,13,24,13
P. Jagielka,47,30,31,79,68,44
P. Evra,73,33,51,80,57,53
J. Defoe,77,87,68,66,74,82
Júlio César,39,12,11,18,13,11
M. Carrick,43,59,59,71,64,67
Oyarzabal,71,75,55,44,47,64
Soares,82,80,40,77,68,73
M. Campaña,40,16,13,13,23,12
F. Andone,79,79,55,76,74,77
M. Acuña,85,67,78,55,43,68
V. Lindelöf,68,36,66,78,55,34
Y. Cardinale,53,14,18,16,23,20
C. Lenglet,72,23,27,70,43,24
M. Dahoud,78,60,48,42,55,49
D. Zappacosta,78,60,59,68,59,68
N. Maksimović,62,22,23,82,26,28
E. Rigoni,90,75,78,46,60,71
I. Marcone,57,48,60,73,59,49
L. López,64,48,32,81,48,50
A. Correa,85,82,65,61,55,77
K. Coman,93,75,70,52,70,77
S. Kritsyuk,49,19,20,17,14,12
W. Cyprien,78,74,79,67,53,60
Diego Llorente,59,39,35,77,53,31
L. Dendoncker,66,66,71,79,44,71
Gayà,83,56,49,60,52,59
S. Boufal,83,72,69,35,69,70
M. Benassi,69,63,65,72,51,70
N. Tagliafico,92,57,40,76,46,33
E. Hysaj,78,47,30,66,40,40
João Cancelo,93,59,69,64,46,55
A. Romagnoli,64,20,24,76,34,24
Óliver Torres,75,70,64,52,64,60
H. Çalhanoğlu,71,74,93,53,71,77
L. Vietto,76,82,70,69,69,81
M. Arnold,67,77,59,54,59,85
S. Gnabry,92,74,62,46,69,80
E. Višća,90,80,56,45,75,73
A. Milik,70,86,74,75,79,76
Bernat,84,57,51,53,53,59
W. Orban,55,34,32,83,41,33
Rubén Pardo,65,66,77,48,69,42
K. Zouma,63,47,60,77,61,47
C. Kramer,53,45,51,58,47,49
Zé Luís,80,75,54,84,75,75
J. Stones,71,29,29,77,37,27
J. Vestergaard,47,34,40,86,75,39
Fernando,70,63,82,62,61,45
F. Fernández,48,26,42,80,42,21
S. Sané,62,36,58,88,43,26
N. Sansone,84,80,69,65,66,73
P. Ntep,88,72,73,43,70,74
F. Ghoulam,74,54,68,70,76,52
J. Murillo,73,37,26,77,46,44
Cédric,84,57,64,65,60,68
L. Tonelli,72,25,17,76,35,33
D. Sidibé,78,70,73,66,43,42
Y. Konoplyanka,86,76,80,49,75,67
Paco Alcácer,72,81,59,77,71,82
Vicente Gómez,40,65,50,74,46,48
E. Çolak,76,75,79,65,72,70
N. Jørgensen,76,79,64,72,72,74
Oriol Romeu,63,25,53,67,54,35
Nolito,74,79,80,45,74,65
B. Martins Indi,54,38,38,75,38,32
M. Gabbiadini,74,82,82,71,72,72
P. Herrmann,86,75,60,54,63,74
F. Lejeune,42,50,41,75,43,42
J. Bruma,62,38,66,81,39,34
P. Jones,51,50,35,75,55,60
Keko,80,69,69,34,66,70
H. Pérez,83,70,62,54,48,64
A. Areola,54,19,16,14,25,16
Escudero,72,42,69,68,66,47
Y. Mallı,78,75,69,40,81,69
J. Zoet,57,12,16,19,27,19
A. Ljajić,82,72,83,48,75,74
Canales,65,75,78,38,66,63
M. Hitz,41,27,17,18,22,26
Balenziaga,73,41,33,70,44,50
W. Bony,63,80,58,82,77,76
B. Hübner,54,20,42,83,50,45
F. Coquelin,65,41,41,60,52,43
Jonathas,72,80,38,78,73,74
G. Bou,76,80,71,74,71,74
V. Babacan,49,15,12,16,12,14
S. Doumbia,90,77,71,74,80,77
Maurício,68,42,45,78,52,51
M. Fabián,76,77,78,61,75,77
R. Zieler,46,10,10,13,24,12
A. Kolarov,64,55,81,80,74,64
Mariano,86,54,56,66,61,58
K. Papadopoulos,61,24,43,90,46,44
S. Wagner,53,83,54,88,64,75
P. Piatti,88,76,58,71,59,72
C. Yacob,49,58,55,78,66,23
A. Ogbonna,69,25,36,77,39,30
Roberto,45,14,14,19,19,13
N. Amrabat,83,74,68,68,77,73
Marcelo,61,44,41,82,51,42
Fabricio,59,14,15,14,22,13
S. Prödl,38,34,38,87,35,22
F. Johnson,84,70,57,60,53,66
Bojan,78,70,66,42,71,79
P. Wernbloom,54,60,32,87,66,46
A. Ayew,76,73,57,76,71,65
D. Ospina,34,10,13,15,26,12
W. Reid,67,46,38,81,55,30
Lucas Leiva,50,23,47,65,61,47
Z. Junuzović,77,68,82,58,70,82
C. Ansaldi,77,57,45,63,52,51
D. Zurutuza,67,76,59,65,61,55
N. Şahin,58,61,81,65,39,80
Gervinho,91,72,43,63,63,70
G. dos Santos,87,78,80,61,70,77
R. Shawcross,46,53,24,83,48,35
J. Evans,65,28,25,81,44,46
S. Sirigu,50,10,11,11,19,12
A. Gyan,77,81,55,73,70,80
N. Pareja,42,51,78,80,69,49
S. Radu,72,55,48,70,57,51
M. Krohn-Dehli,69,76,83,50,76,53
Jurado,72,77,78,47,66,69
B. Gomis,66,80,62,81,83,79
H. Herrera,73,64,63,59,58,59
Luisão,32,45,48,82,66,51
V. Berezutskiy,52,23,43,78,45,39
I. Akinfeev,51,13,13,18,10,10
I. Denisov,67,63,54,59,62,60
A. Samedov,81,74,79,59,81,61
Xabi Prieto,45,74,76,75,84,61
Negredo,62,80,70,83,80,80
A. Pyatov,44,9,16,10,15,12
P. Zabaleta,61,49,66,75,64,53
G. Ochoa,47,12,17,19,16,16
W. Caballero,44,11,11,22,16,13
Vágner Love,76,81,38,78,85,72
M. Vorm,57,14,14,17,41,12
R. Adler,46,14,13,10,21,18
S. Sorrentino,34,10,11,10,20,18
T. Rosický,76,65,70,46,74,67
G. Barry,30,56,78,74,72,65
E. Belözoğlu,54,68,83,43,85,69
André Silva,75,75,33,77,80,74
K. Dolberg,73,78,70,69,74,75
Yeray,66,41,50,76,61,55
C. Pulisic,93,71,58,49,48,70
L. Tousart,69,42,45,73,48,43
A. Onana,64,12,17,20,27,13
V. Koziello,78,66,54,49,60,63
N. Radoja,57,73,36,51,42,32
O. Al Soma,74,80,74,77,74,67
F. Cervi,91,72,50,48,56,55
Jorge Meré,69,22,33,80,51,33
Jony,86,75,76,44,61,56
Dani Ceballos,72,62,61,37,55,57
H. Lozano,94,72,59,56,64,71
Raúl,54,50,43,80,51,48
Pau López,45,19,21,15,25,17
M. Vecino,68,60,58,60,56,62
A. Sanabria,79,80,64,69,69,67
R. Battaglia,65,65,64,68,57,64
J. Izquierdo,93,71,34,60,58,54
T. Bongonda,85,69,63,39,57,58
Rúben Semedo,68,43,26,75,38,51
Rafa,91,65,56,46,59,64
Morales,89,75,71,54,68,61
Capa,85,56,58,61,54,52
M. Sportiello,48,18,21,18,21,12
D. Zapata,69,81,64,78,64,76
D. Benedetto,78,80,57,75,68,71
D. Laxalt,86,64,60,43,49,49
D. Origi,82,79,40,73,65,70
N. Stark,75,50,35,80,39,48
Hernâni,92,68,59,55,68,68
Iuri Medeiros,84,73,82,45,79,73
R. Gagliardini,71,55,39,76,41,69
Pedro Santos,88,73,76,62,65,64
Carles Gil,70,72,58,34,69,71
Paulo Oliveira,67,25,29,77,45,36
A. Szymanowski,91,77,57,67,70,66
K. Wimmer,55,21,28,76,35,27
Tiago Volpi,59,14,60,13,21,20
F. Kostić,89,64,75,48,67,68
A. Samaris,59,58,73,78,66,55
A. Doucouré,62,70,42,66,45,67
G. Pizarro,64,59,54,60,60,62
M. Ginter,54,51,51,83,67,53
J. Lingard,84,72,56,61,65,64
M. Weiser,85,63,52,65,58,59
D. Cheryshev,78,74,61,54,64,68
Bigas,71,49,43,80,48,44
D. Heintz,55,23,32,79,41,26
B. Davies,78,55,48,66,54,37
T. Inui,87,68,65,41,51,62
M. Sabitzer,87,77,63,52,65,74
B. Mendy,79,33,29,64,40,20
R. Jiménez,75,75,45,82,87,80
E. Sala,56,79,41,79,68,75
B. Reynet,41,17,14,14,19,19
M. Niang,86,70,66,64,70,72
K. Fortounis,73,72,78,57,80,71
Joãozinho,89,74,76,63,83,68
P. Kadeřábek,77,56,52,69,54,57
T. Vilhena,77,62,68,60,53,68
M. Elyounoussi,88,69,59,65,64,74
Sergi Darder,59,56,55,50,55,54
D. Demme,68,21,62,55,58,48
V. Eysseric,72,77,78,52,71,72
G. Ramírez,73,74,77,57,73,71
David López,58,65,46,69,50,56
M. Badelj,58,54,58,66,68,66
A. Mandi,66,41,49,83,35,36
Ismaily,84,60,50,57,51,55
A. Marchesín,49,14,15,11,14,15
L. Teodorczyk,66,82,49,84,65,76
Marafona,36,18,17,13,23,19
B. Lecomte,44,11,19,10,20,10
N. Chadli,74,76,78,67,76,73
S. Rode,72,55,57,66,51,55
M. van Ginkel,67,78,68,72,67,72
André André,73,69,61,64,84,64
J. Guidetti,65,79,80,67,81,77
V. Aboubakar,77,74,67,77,76,70
C. Aránguiz,77,64,76,53,79,68
Raúl Navas,55,36,65,79,46,44
K. Mbodj,68,45,55,81,62,63
Rodrigo,89,74,67,72,77,74
R. Funes Mori,79,82,58,77,70,72
M. Höger,61,65,61,67,74,73
D. Caligiuri,78,69,61,56,79,68
E. Pérez,74,66,63,58,82,58
T. Gutiérrez,66,80,63,73,72,75
C. Austin,64,82,43,81,80,72
E. Berisha,28,13,12,12,22,11
G. Gillet,68,75,65,78,69,71
L. López,77,77,73,76,84,74
A. Townsend,86,72,76,52,83,59
D. Heintz,55,23,32,79,41,26
T. Vermaelen,69,52,65,81,62,56
J. Briand,71,79,66,79,69,79
M. Sabitzer,87,77,63,52,65,74
Capa,85,56,58,61,54,52
J. Toulalan,39,27,56,70,56,27
Bruno Alves,60,62,80,79,75,60
T. Howard,49,13,14,12,33,12
M. Barovero,35,13,19,13,20,18
C. Aránguiz,77,64,76,53,79,68
Joaquín,71,74,77,56,75,68
J. Lingard,84,72,56,61,65,64
S. Bocchetti,69,45,25,76,45,38
A. Marchesín,49,14,15,11,14,15
Muniain,85,73,69,43,61,63
C. Gentner,48,73,54,76,65,76
O. Al Soma,74,80,74,77,74,67
F. Gago,57,47,67,59,69,55
Bigas,71,49,43,80,48,44
D. Origi,82,79,40,73,65,70
D. Cheryshev,78,74,61,54,64,68
R. van Persie,66,76,81,75,84,84
M. Layún,77,67,74,63,74,66
V. Eysseric,72,77,78,52,71,72
Sergi Darder,59,56,55,50,55,54
D. Laxalt,86,64,60,43,49,49
Tiago Volpi,59,14,60,13,21,20
Morales,89,75,71,54,68,61
V. Aboubakar,77,74,67,77,76,70
A. Szymanowski,91,77,57,67,70,66
N. Nkoulou,68,33,28,74,50,64
S. Ignashevich,33,50,66,82,76,32
Ismaily,84,60,50,57,51,55
Pau López,45,19,21,15,25,17
L. Tousart,69,42,45,73,48,43
J. Terry,33,46,31,83,52,55
I. Afellay,76,71,75,46,70,72
N. Lombaerts,33,38,57,83,48,43
Granero,60,69,76,59,73,58
J. Baumgartlinger,69,39,49,69,59,50
R. Palacio,79,80,67,75,79,76
Susaeta,76,69,79,52,58,62
Hilton,34,45,48,79,64,51
Y. M'Vila,79,56,67,61,68,56
Pedro Santos,88,73,76,62,65,64
Hernâni,92,68,59,55,68,68
V. Koziello,78,66,54,49,60,63
J. Guidetti,65,79,80,67,81,77
Borja Bastón,57,78,46,77,72,80
J. Farfán,82,75,75,58,79,69
A. Mandi,66,41,49,83,35,36
K. Mbodj,68,45,55,81,62,63
M. Badelj,58,54,58,66,68,66
R. Battaglia,65,65,64,68,57,64
M. Ruben,77,83,56,75,74,68
M. Borriello,57,83,74,80,74,70
Rodrigo,89,74,67,72,77,74
R. Gagliardini,71,55,39,76,41,69
Eliseu,75,59,69,72,64,67
F. Kostić,89,64,75,48,67,68
A. Onana,64,12,17,20,27,13
Mosquera,65,58,70,65,51,51
Rochina,75,70,68,54,67,68
André André,73,69,61,64,84,64
Rúben Semedo,68,43,26,75,38,51
K. Fortounis,73,72,78,57,80,71
S. Ryzhikov,40,13,15,12,22,14
A. N'Diaye,66,46,32,55,54,31
B. Reynet,41,17,14,14,19,19
R. Bobadilla,69,77,80,74,75,76
R. Hamouma,79,79,73,63,72,75
C. Pulisic,93,71,58,49,48,70
M. Fernández,79,62,82,50,72,70
Raúl Navas,55,36,65,79,46,44
A. Dzyuba,66,77,60,88,77,72
B. Yılmaz,83,82,75,72,79,77
J. Holebas,78,57,71,74,57,50
K. Casteels,44,15,13,14,20,13
Javi García,64,59,44,86,61,59
D. Caligiuri,78,69,61,56,79,68
Fontàs,33,45,52,73,52,46
K. Vermeer,64,13,13,16,30,11
Jony,86,75,76,44,61,56
M. Höger,61,65,61,67,74,73
S. Dann,44,40,29,85,30,29
Rafa,91,65,56,46,59,64
Y. Bolasie,86,64,49,51,65,51
D. Glushakov,71,73,59,68,75,65
Juanfran,76,57,60,69,59,53
Guilherme,37,11,12,13,12,13
A. Ramos,77,78,48,86,72,73
Souza,68,65,61,77,63,44
N. Stark,75,50,35,80,39,48
Carles Gil,70,72,58,34,69,71
Adriano,77,59,69,65,59,53
B. Mee,66,27,31,77,36,29
M. Ginter,54,51,51,83,67,53
Paulo Oliveira,67,25,29,77,45,36
C. Dempsey,64,79,73,77,71,75
R. Funes Mori,79,82,58,77,70,72
M. Weiser,85,63,52,65,58,59
H. Briceldo,84,74,67,77,74,76
B. Moukandjo,90,80,71,68,79,72
Juanmi,80,80,57,73,63,74
L. Kalinić,30,12,13,15,22,15
N. Subotić,51,29,58,84,43,32
N. Blandi,67,82,54,80,78,77
M. Phillips,88,69,48,54,61,45
M. Braithwaite,82,77,75,66,73,73
A. Lafont,48,6,12,13,16,9
D. Reyes,63,44,36,79,48,37
Iván Ramis,38,54,77,72,65,59
V. Behrami,63,56,69,68,72,69
G. Hoarau,55,82,54,81,81,75
E. Choupo-Moting,76,75,44,74,68,75
Jesé,87,71,66,42,68,55
J. Pinola,69,38,55,67,38,46
Luís Hernández,71,37,42,69,54,53
Jonny,74,28,54,62,46,44
B. Dočkal,68,69,80,57,75,72
Raphaelito Anjos,41,8,18,11,14,8
M. Carcela-González,86,72,71,35,65,70
L. Pavoletti,67,83,28,82,64,80
D. Bonera,36,23,29,74,49,19
Marcelo,69,24,27,80,42,28
Dalbert,91,59,47,60,42,52
G. McAuley,36,50,33,85,49,23
A. Halilović,78,61,69,24,75,64
I. Popov,80,72,76,66,71,66
Sidney Pessinho,72,56,77,62,67,45
A. Potuk,87,66,40,62,56,54
F. Pogba,63,21,69,73,38,45
M. Andújar,45,11,16,10,23,11
D. Boyko,49,18,14,18,15,7
M. Andreolli,44,16,18,76,34,23
Bruno,34,23,31,77,42,23
O. Duarte,60,26,32,77,37,32
Rúben Neves,65,62,70,61,59,68
Jozabed,67,73,57,64,54,54
P. Pérez,70,61,72,58,59,39
Pacheco,48,16,20,10,23,13
M. Gamonales,84,69,68,60,64,71
Vitor Hugo,66,26,34,83,49,33
J. Veretout,68,73,73,53,77,70
D. Pabón,90,77,75,51,80,77
Juan Jesus,78,20,36,74,37,17
G. Imbula,73,51,38,62,29,28
Luis Alberto,67,73,69,45,56,58
M. Risse,81,73,76,52,72,68
Luís Neto,57,33,43,82,47,40
B. Ruíz,64,65,74,75,73,79
Jordi Amat,63,34,36,74,28,28
S. Kapino,41,13,18,12,26,19
J. Ďurica,34,30,67,81,14,40
B. Stambouli,65,50,43,68,50,40
F. Armani,30,11,16,11,20,15
C. Kaboré,72,53,53,69,65,31
A. Rukavina,71,36,38,63,42,49
P. Kimpembe,69,31,32,69,43,28
Sergio León,77,82,64,71,80,77
M. Elneny,58,57,61,57,62,39
D. Torres,60,55,50,61,72,48
S. Okazaki,76,74,50,74,74,76
C. Jallet,69,57,66,71,65,70
Y. Salibur,90,73,74,58,65,62
N. Redmond,89,69,65,33,57,55
A. Song,68,55,41,68,66,52
Castán,60,21,24,77,26,22
K. Huntelaar,52,80,64,78,56,81
T. Partey,75,60,41,66,46,53
Mário Rui,88,27,60,60,60,53
André Pinto,50,34,50,78,46,36
L. Rémy,74,78,51,76,76,70
Badou Ndiaye,86,74,65,59,65,65
O. Kıvrak,60,10,11,14,19,10
A. Bertolacci,72,62,64,64,56,69
A. Živković,87,67,65,43,60,68
Iraizoz,32,12,13,13,13,16
D. Da Silva,47,25,31,78,43,36
D. Benaglio,42,12,13,15,23,12
T. Rincón,76,45,52,58,46,60
Y. Ōsako,77,72,53,70,70,74
L. Sané,52,32,23,83,33,22
Gil,53,28,34,75,42,23
J. King,87,82,42,63,72,67
Bastos,70,30,28,74,50,31
A. Meier,34,81,75,74,72,83
G. Nkoudou,92,71,58,49,67,74
L. Dalsaro,72,56,77,62,67,45
K. Källström,35,62,80,62,70,79
T. Vaclík,34,14,16,19,13,13
M. Politano,85,69,61,40,70,67
M. Zárate,79,78,79,56,70,78
G. İnler,52,56,68,68,74,76
M. Albrighton,79,69,73,42,60,72
A. Gray,90,80,39,65,74,67
Marçal,83,57,55,58,49,44
M. Ryan,53,11,12,14,25,15
A. Gamberini,62,29,28,76,41,27
Yoel,35,14,15,10,25,19
S. Widmer,78,58,56,68,58,48
J. Aquino,92,64,63,47,67,51
